,Title,URL,Thumbnail URL,Channel Name
0,2021.12.19 Chill Club EP111 姜濤 feat.AGA江海迦《I Know》,https://www.youtube.com/watch?v=-HnpZecb5z8,https://i.ytimg.com/vi/-HnpZecb5z8/hqdefault.jpg?sqp=-oaymwEcCOADEI4CSFXyq4qpAw4IARUAAIhCGAFwAcABBg==&rs=AOn4CLCHRxfmSRFU_nh67rNtOnSCqFjWHA,ViuTV
1,《CHILL CLUB》美麗的合唱!情懷不老!盧冠廷 X 趙學而《憑著愛》,https://www.youtube.com/watch?v=2lNxoNco3YY,https://i.ytimg.com/vi/2lNxoNco3YY/hq720.jpg?sqp=-oaymwEcCOgCEMoBSFXyq4qpAw4IARUAAIhCGAFwAcABBg==&rs=AOn4CLCfbq6APDE7wcpeOi5CsTXWyqT57w,ViuTV
2,《CHILL CLUB》靚仔!倜儻!俊朗!帥爆! ERROR《我們很帥》,https://www.youtube.com/watch?v=qwgXFcsK3FY,https://i.ytimg.com/vi/qwgXFcsK3FY/hq720.jpg?sqp=-oaymwEcCOgCEMoBSFXyq4qpAw4IARUAAIhCGAFwAcABBg==&rs=AOn4CLDNVSepsc2kT198FAaDPgh9WIxgHw,ViuTV
3,《CHILL CLUB》Jer X Anson Lo X Edan X 姜濤《富士山下》感動你!,https://www.youtube.com/watch?v=yn9myg6UQc4,,ViuTV
4,LMF - 大懶堂.mpg,https://www.youtube.com/watch?v=jECZQPP4azc,,ViuTV
5,《CHILL CLUB》趙學而 X 羅敏莊 大唱四台冠軍歌!,https://www.youtube.com/watch?v=67HX11RYJ1I,,ViuTV
6,《Chill Club》EP 43 - Ian@MIRROR、Anson Kong@MIRROR,https://www.youtube.com/watch?v=zmPrE6SLywg,,ViuTV
7,《CHILL CLUB》舞台上大啖轟! MIRROR正副隊長首唱! Lokman X Anson Kong《虎道門》,https://www.youtube.com/watch?v=REdJ_yB5nCY,,ViuTV
8,蝸牛 - Anson Kong 江𤒹生【Cover by 林欣彤 Mag Lam】(Live @ Chill Club),https://www.youtube.com/watch?v=8jcn1-CB_O4,,ViuTV
9,《CHILL CLUB》首度合唱!合拍度超高!羅敏莊 X Anson Kong《超友誼》,https://www.youtube.com/watch?v=6QYSrqbpnws,,ViuTV
